新檔名,分類,型號,尺寸(cm),資料夾,來源頁,版面位置,原始圖檔,備註
餐桌椅001.webp,餐桌椅,CH-956,61.5*55*83.5,01_產品圖_餐桌椅,12,第1排第1個,p12_1_x103_1926x1386.png,
餐桌椅002.webp,餐桌椅,CH-956A,52*54*83.5,01_產品圖_餐桌椅,12,第1排第2個,p12_1_x103_1926x1386.png,
餐桌椅003.webp,餐桌椅,CH-960,50.5*61*83,01_產品圖_餐桌椅,12,第1排第3個,p12_1_x103_1926x1386.png,
餐桌椅004.webp,餐桌椅,CH-886,61*60*82,01_產品圖_餐桌椅,12,第1排第4個,p12_1_x103_1926x1386.png,
餐桌椅005.webp,餐桌椅,CH-961,61*58*73.5,01_產品圖_餐桌椅,12,第2排第1個,p12_1_x103_1926x1386.png,
餐桌椅006.webp,餐桌椅,CH-970,58.5*56*81,01_產品圖_餐桌椅,12,第2排第2個,p12_1_x103_1926x1386.png,
餐桌椅007.webp,餐桌椅,CH-666矮背,62.5*57*75.5,01_產品圖_餐桌椅,12,第2排第3個,p12_1_x103_1926x1386.png,
餐桌椅008.webp,餐桌椅,CH-666高背,62*61*86.5,01_產品圖_餐桌椅,12,第2排第4個,p12_1_x103_1926x1386.png,
餐桌椅009.webp,餐桌椅,CH-639,53*58*78,01_產品圖_餐桌椅,13,第1排第1個,p13_1_x109_1922x1416.png,
餐桌椅010.webp,餐桌椅,CH-588,52*58*85.5,01_產品圖_餐桌椅,13,第1排第2個,p13_1_x109_1922x1416.png,
餐桌椅011.webp,餐桌椅,CH-632,65*58*78,01_產品圖_餐桌椅,13,第1排第3個,p13_1_x109_1922x1416.png,
餐桌椅012.webp,餐桌椅,CH-632A,62*55*78,01_產品圖_餐桌椅,13,第1排第4個,p13_1_x109_1922x1416.png,
餐桌椅013.webp,餐桌椅,CH-612,47*54*83,01_產品圖_餐桌椅,13,第2排第1個,p13_1_x109_1922x1416.png,
餐桌椅014.webp,餐桌椅,CH-755,63*60*80,01_產品圖_餐桌椅,13,第2排第2個,p13_1_x109_1922x1416.png,
餐桌椅015.webp,餐桌椅,CH-988,62*63*85.5,01_產品圖_餐桌椅,13,第2排第3個,p13_1_x109_1922x1416.png,
餐桌椅016.webp,餐桌椅,CH-637,62*66*79,01_產品圖_餐桌椅,13,第2排第4個,p13_1_x109_1922x1416.png,
餐桌椅017.webp,餐桌椅,CH-275（帶轉）,57*62*76.5,01_產品圖_餐桌椅,14,第1排第1個,p14_1_x118_1942x1422.png,
餐桌椅018.webp,餐桌椅,CH-630,57*60*82,01_產品圖_餐桌椅,14,第1排第2個,p14_1_x118_1942x1422.png,
餐桌椅019.webp,餐桌椅,CH-598,61*54*80.5,01_產品圖_餐桌椅,14,第1排第3個,p14_1_x118_1942x1422.png,
餐桌椅020.webp,餐桌椅,M-710,58*61.5*78,01_產品圖_餐桌椅,14,第1排第4個,p14_1_x118_1942x1422.png,
餐桌椅021.webp,餐桌椅,CH-627,48*55*72,01_產品圖_餐桌椅,14,第2排第1個,p14_1_x118_1942x1422.png,
餐桌椅022.webp,餐桌椅,CH-619,54*62*87,01_產品圖_餐桌椅,14,第2排第2個,p14_1_x118_1942x1422.png,
餐桌椅023.webp,餐桌椅,CH-955,51*59*84,01_產品圖_餐桌椅,14,第2排第3個,p14_1_x118_1942x1422.png,
餐桌椅024.webp,餐桌椅,M-709,63*60*79,01_產品圖_餐桌椅,14,第2排第4個,p14_1_x118_1942x1422.png,
餐桌椅025.webp,餐桌椅,CH-636,48*62*86,01_產品圖_餐桌椅,15,第1排第1個,p15_1_x123_1944x1420.png,
餐桌椅026.webp,餐桌椅,CH-680,57*60*87.5,01_產品圖_餐桌椅,15,第1排第2個,p15_1_x123_1944x1420.png,
餐桌椅027.webp,餐桌椅,CH-680,59*58*88,01_產品圖_餐桌椅,15,第1排第3個,p15_1_x123_1944x1420.png,
餐桌椅028.webp,餐桌椅,CH-663,58*57*81,01_產品圖_餐桌椅,15,第1排第4個,p15_1_x123_1944x1420.png,
餐桌椅029.webp,餐桌椅,CH-981,55*66*75,01_產品圖_餐桌椅,15,第2排第1個,p15_1_x123_1944x1420.png,
餐桌椅030.webp,餐桌椅,CH-972,51.5*60*86,01_產品圖_餐桌椅,15,第2排第2個,p15_1_x123_1944x1420.png,
餐桌椅031.webp,餐桌椅,CH-991,58*55.5*92.5,01_產品圖_餐桌椅,15,第2排第3個,p15_1_x123_1944x1420.png,
餐桌椅032.webp,餐桌椅,CH-991A,46*55.5*93,01_產品圖_餐桌椅,15,第2排第4個,p15_1_x123_1944x1420.png,
餐桌椅033.webp,餐桌椅,CH-661,96*78*82,01_產品圖_餐桌椅,16,第1排第1個,p16_1_x130_1922x1392.png,
餐桌椅034.webp,餐桌椅,CH-317,57*61*71,01_產品圖_餐桌椅,16,第1排第2個,p16_1_x130_1922x1392.png,
餐桌椅035.webp,餐桌椅,CH-318,52*47*77.5,01_產品圖_餐桌椅,16,第1排第3個,p16_1_x130_1922x1392.png,
餐桌椅036.webp,餐桌椅,CH-319,47.5*53*81.5,01_產品圖_餐桌椅,16,第1排第4個,p16_1_x130_1922x1392.png,
餐桌椅037.webp,餐桌椅,CH-635,60*56*80,01_產品圖_餐桌椅,16,第2排第1個,p16_1_x130_1922x1392.png,
餐桌椅038.webp,餐桌椅,CH-616,46*52*78,01_產品圖_餐桌椅,16,第2排第2個,p16_1_x130_1922x1392.png,
餐桌椅039.webp,餐桌椅,CH-957,56.5*56*80,01_產品圖_餐桌椅,16,第2排第3個,p16_1_x130_1922x1392.png,
餐桌椅040.webp,餐桌椅,CH-951,51*58*80.5,01_產品圖_餐桌椅,16,第2排第4個,p16_1_x130_1922x1392.png,
餐桌椅041.webp,餐桌椅,CH-321,53*57.5*81,01_產品圖_餐桌椅,17,第1排第1個,p17_1_x136_1922x1442.png,
餐桌椅042.webp,餐桌椅,CH-320,61*60.5*83,01_產品圖_餐桌椅,17,第1排第2個,p17_1_x136_1922x1442.png,
餐桌椅043.webp,餐桌椅,CH-320A,47*57.5*83,01_產品圖_餐桌椅,17,第1排第3個,p17_1_x136_1922x1442.png,
餐桌椅044.webp,餐桌椅,CH-958,52*60*88,01_產品圖_餐桌椅,17,第1排第4個,p17_1_x136_1922x1442.png,
餐桌椅045.webp,餐桌椅,CH-809,66.5*66.5*80,01_產品圖_餐桌椅,17,第2排第1個,p17_1_x136_1922x1442.png,
餐桌椅046.webp,餐桌椅,CH-812,,01_產品圖_餐桌椅,17,第2排第2個,p17_1_x136_1922x1442.png,原目錄未標尺寸
餐桌椅047.webp,餐桌椅,CH-992,69*64*79,01_產品圖_餐桌椅,17,第2排第3個,p17_1_x136_1922x1442.png,
餐桌椅048.webp,餐桌椅,CH-800,73*73*82.5,01_產品圖_餐桌椅,17,第2排第4個,p17_1_x136_1922x1442.png,
餐桌椅049.webp,餐桌椅,CH-986,68*57*82,01_產品圖_餐桌椅,18,第1排第1個,p18_1_x143_1906x1400.png,
餐桌椅050.webp,餐桌椅,CH-811,45*59*93,01_產品圖_餐桌椅,18,第1排第2個,p18_1_x143_1906x1400.png,
餐桌椅051.webp,餐桌椅,CH-662,50*58*84,01_產品圖_餐桌椅,18,第1排第3個,p18_1_x143_1906x1400.png,
餐桌椅052.webp,餐桌椅,CH-821,53*61.5*95.5,01_產品圖_餐桌椅,18,第1排第4個,p18_1_x143_1906x1400.png,
餐桌椅053.webp,餐桌椅,CH-815,53*62*91,01_產品圖_餐桌椅,18,第2排第1個,p18_1_x143_1906x1400.png,
餐桌椅054.webp,餐桌椅,CH-816,53*62*90,01_產品圖_餐桌椅,18,第2排第2個,p18_1_x143_1906x1400.png,
餐桌椅055.webp,餐桌椅,CH-817,50.5*73*93,01_產品圖_餐桌椅,18,第2排第3個,p18_1_x143_1906x1400.png,
餐桌椅056.webp,餐桌椅,CH-820,53*60*91,01_產品圖_餐桌椅,18,第2排第4個,p18_1_x143_1906x1400.png,
餐桌椅057.webp,餐桌椅,CH-570,47*53*83,01_產品圖_餐桌椅,19,第1排第1個,p19_1_x148_1928x1378.png,
餐桌椅058.webp,餐桌椅,CH-291,62.5*55*82,01_產品圖_餐桌椅,19,第1排第2個,p19_1_x148_1928x1378.png,
餐桌椅059.webp,餐桌椅,CH-152,55*62*79,01_產品圖_餐桌椅,19,第1排第3個,p19_1_x148_1928x1378.png,
餐桌椅060.webp,餐桌椅,CH-198,44.5*55*83,01_產品圖_餐桌椅,19,第1排第4個,p19_1_x148_1928x1378.png,
餐桌椅061.webp,餐桌椅,CH-007,52*56*79,01_產品圖_餐桌椅,19,第2排第1個,p19_1_x148_1928x1378.png,
餐桌椅062.webp,餐桌椅,CH-007-A,50*56*80,01_產品圖_餐桌椅,19,第2排第2個,p19_1_x148_1928x1378.png,
餐桌椅063.webp,餐桌椅,SY-819,52*50*79,01_產品圖_餐桌椅,19,第2排第3個,p19_1_x148_1928x1378.png,
餐桌椅064.webp,餐桌椅,CH-345,55*55*75,01_產品圖_餐桌椅,19,第2排第4個,p19_1_x148_1928x1378.png,
餐桌椅065.webp,餐桌椅,CH-675,56*55*78,01_產品圖_餐桌椅,20,第1排第1個,p20_1_x155_1746x1220.png,
餐桌椅066.webp,餐桌椅,CH-679,71*65*77.5,01_產品圖_餐桌椅,20,第1排第2個,p20_1_x155_1746x1220.png,
餐桌椅067.webp,餐桌椅,CH-682,53*54*76,01_產品圖_餐桌椅,20,第1排第3個,p20_1_x155_1746x1220.png,
餐桌椅068.webp,餐桌椅,CH-801,64*57*72,01_產品圖_餐桌椅,20,第1排第4個,p20_1_x155_1746x1220.png,
餐桌椅069.webp,餐桌椅,CH-650,62*65*84,01_產品圖_餐桌椅,20,第2排第1個,p20_1_x155_1746x1220.png,
餐桌椅070.webp,餐桌椅,CH-688,,01_產品圖_餐桌椅,20,第2排第2個,p20_1_x155_1746x1220.png,原目錄未標尺寸
餐桌椅071.webp,餐桌椅,CH-827,59*62*81,01_產品圖_餐桌椅,20,第2排第3個,p20_1_x155_1746x1220.png,
餐桌椅072.webp,餐桌椅,CH-828,58.5*58*78,01_產品圖_餐桌椅,20,第2排第4個,p20_1_x155_1746x1220.png,
餐桌椅073.webp,餐桌椅,M-708,58.5*86*81,01_產品圖_餐桌椅,21,第1排第1個,p21_1_x160_1724x1208.png,
餐桌椅074.webp,餐桌椅,M-708A,50.5*56*81,01_產品圖_餐桌椅,21,第1排第2個,p21_1_x160_1724x1208.png,
餐桌椅075.webp,餐桌椅,CH-969,55.5*56*74.5,01_產品圖_餐桌椅,21,第1排第3個,p21_1_x160_1724x1208.png,
餐桌椅076.webp,餐桌椅,M-712,,01_產品圖_餐桌椅,21,第1排第4個,p21_1_x160_1724x1208.png,原目錄未標尺寸
餐桌椅077.webp,餐桌椅,CH-963,55.5*56*74.5,01_產品圖_餐桌椅,21,第2排第1個,p21_1_x160_1724x1208.png,
餐桌椅078.webp,餐桌椅,CH-962,68*58*88,01_產品圖_餐桌椅,21,第2排第2個,p21_1_x160_1724x1208.png,
餐桌椅079.webp,餐桌椅,CH-595,60*59*78,01_產品圖_餐桌椅,21,第2排第3個,p21_1_x160_1724x1208.png,
餐桌椅080.webp,餐桌椅,CH-595A,49*52*80.5,01_產品圖_餐桌椅,21,第2排第4個,p21_1_x160_1724x1208.png,
餐桌椅081.webp,餐桌椅,CH-133,50*55*82,01_產品圖_餐桌椅,22,第1排第1個,p22_1_x167_1738x1240.png,
餐桌椅082.webp,餐桌椅,M-706,58*57*78,01_產品圖_餐桌椅,22,第1排第2個,p22_1_x167_1738x1240.png,
餐桌椅083.webp,餐桌椅,M-727,64*58*69.5,01_產品圖_餐桌椅,22,第1排第3個,p22_1_x167_1738x1240.png,
餐桌椅084.webp,餐桌椅,M-726,61*62*73.5,01_產品圖_餐桌椅,22,第1排第4個,p22_1_x167_1738x1240.png,
餐桌椅085.webp,餐桌椅,M-711A,51*52*74,01_產品圖_餐桌椅,22,第2排第1個,p22_1_x167_1738x1240.png,
餐桌椅086.webp,餐桌椅,M-711,63*55*75,01_產品圖_餐桌椅,22,第2排第2個,p22_1_x167_1738x1240.png,
餐桌椅087.webp,餐桌椅,M-707-1,57.5*61*90,01_產品圖_餐桌椅,22,第2排第3個,p22_1_x167_1738x1240.png,
餐桌椅088.webp,餐桌椅,M-718,61*55*79,01_產品圖_餐桌椅,22,第2排第4個,p22_1_x167_1738x1240.png,
餐桌椅089.webp,餐桌椅,CH-600,59*57*85,01_產品圖_餐桌椅,23,第1排第1個,p23_1_x172_1750x1242.png,
餐桌椅090.webp,餐桌椅,CH-600A,50*57*85,01_產品圖_餐桌椅,23,第1排第2個,p23_1_x172_1750x1242.png,
餐桌椅091.webp,餐桌椅,CH-590,48*53*84,01_產品圖_餐桌椅,23,第1排第3個,p23_1_x172_1750x1242.png,
餐桌椅092.webp,餐桌椅,CH-336,58*54*80,01_產品圖_餐桌椅,23,第1排第4個,p23_1_x172_1750x1242.png,
餐桌椅093.webp,餐桌椅,CH-530,50*54*76,01_產品圖_餐桌椅,23,第2排第1個,p23_1_x172_1750x1242.png,
餐桌椅094.webp,餐桌椅,CH-537,52*62*85,01_產品圖_餐桌椅,23,第2排第2個,p23_1_x172_1750x1242.png,
餐桌椅095.webp,餐桌椅,CH-611,50*56*76,01_產品圖_餐桌椅,23,第2排第3個,p23_1_x172_1750x1242.png,
餐桌椅096.webp,餐桌椅,CH-531,50*60*83,01_產品圖_餐桌椅,23,第2排第4個,p23_1_x172_1750x1242.png,
餐桌椅097.webp,餐桌椅,CH-151,59*60*77.5,01_產品圖_餐桌椅,24,第1排第1個,p24_1_x179_1724x1200.png,
餐桌椅098.webp,餐桌椅,CH-577,63*65*82,01_產品圖_餐桌椅,24,第1排第2個,p24_1_x179_1724x1200.png,
餐桌椅099.webp,餐桌椅,CH-299,59*60*76,01_產品圖_餐桌椅,24,第1排第3個,p24_1_x179_1724x1200.png,
餐桌椅100.webp,餐桌椅,CH-108,58*56*81.5,01_產品圖_餐桌椅,24,第1排第4個,p24_1_x179_1724x1200.png,
餐桌椅101.webp,餐桌椅,CH-255A,62*55*75,01_產品圖_餐桌椅,24,第2排第1個,p24_1_x179_1724x1200.png,
餐桌椅102.webp,餐桌椅,CH-028,59*55*82,01_產品圖_餐桌椅,24,第2排第2個,p24_1_x179_1724x1200.png,
餐桌椅103.webp,餐桌椅,CH-232,57*50*78,01_產品圖_餐桌椅,24,第2排第3個,p24_1_x179_1724x1200.png,
餐桌椅104.webp,餐桌椅,CH-232A無扶手,44*51*78,01_產品圖_餐桌椅,24,第2排第4個,p24_1_x179_1724x1200.png,
餐桌椅105.webp,餐桌椅,CH-565,63*58*84,01_產品圖_餐桌椅,25,第1排第1個,p25_1_x185_1738x1226.png,
餐桌椅106.webp,餐桌椅,CH-331,58.5*52*76,01_產品圖_餐桌椅,25,第1排第2個,p25_1_x185_1738x1226.png,
餐桌椅107.webp,餐桌椅,CH-667,50*59*82,01_產品圖_餐桌椅,25,第1排第3個,p25_1_x185_1738x1226.png,
餐桌椅108.webp,餐桌椅,CH-680,57*60*87.5,01_產品圖_餐桌椅,25,第1排第4個,p25_1_x185_1738x1226.png,
餐桌椅109.webp,餐桌椅,CH-670,56*61*80,01_產品圖_餐桌椅,25,第2排第1個,p25_1_x185_1738x1226.png,
餐桌椅110.webp,餐桌椅,CH-668,,01_產品圖_餐桌椅,25,第2排第2個,p25_1_x185_1738x1226.png,原目錄未標尺寸
餐桌椅111.webp,餐桌椅,CH-590,48*53*84,01_產品圖_餐桌椅,25,第2排第3個,p25_1_x185_1738x1226.png,
餐桌椅112.webp,餐桌椅,CH-665,50*58*78,01_產品圖_餐桌椅,25,第2排第4個,p25_1_x185_1738x1226.png,
休閒椅001.webp,休閒椅,8222,79*80*70,02_產品圖_休閒椅,28,第1排第1個,p28_1_x217_1302x912.png,
休閒椅002.webp,休閒椅,華夫格,82*90*72,02_產品圖_休閒椅,28,第1排第2個,p28_1_x217_1302x912.png,
休閒椅003.webp,休閒椅,毛毛蟲大號,99*93*72,02_產品圖_休閒椅,28,第1排第3個,p28_1_x217_1302x912.png,
休閒椅004.webp,休閒椅,8221,105*65*70,02_產品圖_休閒椅,28,第1排第4個,p28_1_x217_1302x912.png,
休閒椅005.webp,休閒椅,伊姆斯躺椅,83*88*80,02_產品圖_休閒椅,28,第2排第1個,p28_1_x217_1302x912.png,
休閒椅006.webp,休閒椅,伊姆斯腳踏,62*54*42,02_產品圖_休閒椅,28,第2排第2個,p28_1_x217_1302x912.png,
休閒椅007.webp,休閒椅,892#酋長椅,96*88*93,02_產品圖_休閒椅,28,第2排第3個,p28_1_x217_1302x912.png,
休閒椅008.webp,休閒椅,850-2#書椅,72*76*88/98,02_產品圖_休閒椅,28,第2排第4個,p28_1_x217_1302x912.png,
休閒椅009.webp,休閒椅,8158,73*65*80,02_產品圖_休閒椅,29,第1排第1個,p29_1_x223_1290x912.png,
休閒椅010.webp,休閒椅,鋼牙沙發,95*100*70,02_產品圖_休閒椅,29,第1排第2個,p29_1_x223_1290x912.png,
休閒椅011.webp,休閒椅,8175,97.5*80*81 坐高42,02_產品圖_休閒椅,29,第1排第3個,p29_1_x223_1290x912.png,
休閒椅012.webp,休閒椅,AC-324,73*73*74,02_產品圖_休閒椅,29,第1排第4個,p29_1_x223_1290x912.png,
休閒椅013.webp,休閒椅,8183,85*94*84,02_產品圖_休閒椅,29,第2排第1個,p29_1_x223_1290x912.png,
休閒椅014.webp,休閒椅,8183腳踏,72*62*42,02_產品圖_休閒椅,29,第2排第2個,p29_1_x223_1290x912.png,
休閒椅015.webp,休閒椅,8198,103*92*84,02_產品圖_休閒椅,29,第2排第3個,p29_1_x223_1290x912.png,
休閒椅016.webp,休閒椅,8202,90*84*75,02_產品圖_休閒椅,29,第2排第4個,p29_1_x223_1290x912.png,
休閒椅017.webp,休閒椅,甜甜圈,97*97*68,02_產品圖_休閒椅,30,第1排第1個,p30_1_x229_1300x894.png,
休閒椅018.webp,休閒椅,米奇椅,80*63*89,02_產品圖_休閒椅,30,第1排第2個,p30_1_x229_1300x894.png,
休閒椅019.webp,休閒椅,8201,95*102*88,02_產品圖_休閒椅,30,第1排第3個,p30_1_x229_1300x894.png,
休閒椅020.webp,休閒椅,8201腳踏,60*70*39,02_產品圖_休閒椅,30,第1排第4個,p30_1_x229_1300x894.png,
休閒椅021.webp,休閒椅,趴趴熊,85*55*35,02_產品圖_休閒椅,30,第2排第1個,p30_1_x229_1300x894.png,
休閒椅022.webp,休閒椅,小馬凳,大110*55*80,02_產品圖_休閒椅,30,第2排第2個,p30_1_x229_1300x894.png,
休閒椅023.webp,休閒椅,熊貓,大號90*65*42,02_產品圖_休閒椅,30,第2排第3個,p30_1_x229_1300x894.png,
休閒椅024.webp,休閒椅,小馬凳,72*30*72,02_產品圖_休閒椅,30,第2排第4個,p30_1_x229_1300x894.png,
休閒椅025.webp,休閒椅,LV狩獵椅,68*64*75,02_產品圖_休閒椅,31,第1排第1個,p31_1_x235_1280x904.png,
休閒椅026.webp,休閒椅,8189,115*148*90,02_產品圖_休閒椅,31,第1排第2個,p31_1_x235_1280x904.png,
休閒椅027.webp,休閒椅,AC-135休閒椅,68*64*68 坐高44,02_產品圖_休閒椅,31,第1排第3個,p31_1_x235_1280x904.png,
休閒椅028.webp,休閒椅,AC-135腳踏,60*57*44,02_產品圖_休閒椅,31,第1排第4個,p31_1_x235_1280x904.png,
休閒椅029.webp,休閒椅,8228,69*95*76,02_產品圖_休閒椅,31,第2排第1個,p31_1_x235_1280x904.png,
休閒椅030.webp,休閒椅,牛角椅,96*90*93,02_產品圖_休閒椅,31,第2排第2個,p31_1_x235_1280x904.png,
休閒椅031.webp,休閒椅,花朵椅,100*96*89,02_產品圖_休閒椅,31,第2排第3個,p31_1_x235_1280x904.png,
休閒椅032.webp,休閒椅,8196,82*83*93 坐高41,02_產品圖_休閒椅,31,第2排第4個,p31_1_x235_1280x904.png,
休閒椅033.webp,休閒椅,愛心椅,98*80*90,02_產品圖_休閒椅,32,第1排第1個,p32_1_x241_1278x890.png,
休閒椅034.webp,休閒椅,035長榻,152*69*77,02_產品圖_休閒椅,32,第1排第2個,p32_1_x241_1278x890.png,
休閒椅035.webp,休閒椅,雲朵休閒椅,,02_產品圖_休閒椅,32,第1排第3個,p32_1_x241_1278x890.png,原目錄未標尺寸
休閒椅036.webp,休閒椅,8199,89*92*77,02_產品圖_休閒椅,32,第1排第4個,p32_1_x241_1278x890.png,
休閒椅037.webp,休閒椅,昌迪加爾椅,69*76*71,02_產品圖_休閒椅,32,第2排第1個,p32_1_x241_1278x890.png,
休閒椅038.webp,休閒椅,8195,98*82*72 頭枕最高98,02_產品圖_休閒椅,32,第2排第2個,p32_1_x241_1278x890.png,
休閒椅039.webp,休閒椅,811#,76*78*80,02_產品圖_休閒椅,32,第2排第3個,p32_1_x241_1278x890.png,
休閒椅040.webp,休閒椅,811#腳踏,51*51*37,02_產品圖_休閒椅,32,第2排第4個,p32_1_x241_1278x890.png,
休閒椅041.webp,休閒椅,8147,78*69*73,02_產品圖_休閒椅,33,第1排第1個,p33_1_x248_1290x890.png,
休閒椅042.webp,休閒椅,足球,120*113*65,02_產品圖_休閒椅,33,第1排第2個,p33_1_x248_1290x890.png,
休閒椅043.webp,休閒椅,8163,88*94*100,02_產品圖_休閒椅,33,第1排第3個,p33_1_x248_1290x890.png,
休閒椅044.webp,休閒椅,8163腳踏,59*45*43,02_產品圖_休閒椅,33,第1排第4個,p33_1_x248_1290x890.png,
休閒椅045.webp,休閒椅,8165,160*60*73,02_產品圖_休閒椅,33,第2排第1個,p33_1_x248_1290x890.png,
休閒椅046.webp,休閒椅,繡花球椅,110*96*75,02_產品圖_休閒椅,33,第2排第2個,p33_1_x248_1290x890.png,
休閒椅047.webp,休閒椅,AC-328,72*66*71,02_產品圖_休閒椅,33,第2排第3個,p33_1_x248_1290x890.png,
休閒椅048.webp,休閒椅,AC-512,81*88*82,02_產品圖_休閒椅,33,第2排第4個,p33_1_x248_1290x890.png,
休閒椅049.webp,休閒椅,8070#,73*87*79,02_產品圖_休閒椅,34,第1排第1個,p34_2_x255_1296x890.png,
休閒椅050.webp,休閒椅,8190,67*66*72,02_產品圖_休閒椅,34,第1排第2個,p34_2_x255_1296x890.png,
休閒椅051.webp,休閒椅,玫瑰椅,,02_產品圖_休閒椅,34,第1排第3個,p34_2_x255_1296x890.png,原目錄未標尺寸
休閒椅052.webp,休閒椅,8191,,02_產品圖_休閒椅,34,第1排第4個,p34_2_x255_1296x890.png,原目錄未標尺寸
休閒椅053.webp,休閒椅,8200,85*86*68,02_產品圖_休閒椅,34,第2排第1個,p34_2_x255_1296x890.png,
休閒椅054.webp,休閒椅,8200腳踏,78*50*38,02_產品圖_休閒椅,34,第2排第2個,p34_2_x255_1296x890.png,
休閒椅055.webp,休閒椅,8197,95*84*75,02_產品圖_休閒椅,34,第2排第3個,p34_2_x255_1296x890.png,
休閒椅056.webp,休閒椅,AC-127,72*54*72,02_產品圖_休閒椅,34,第2排第4個,p34_2_x255_1296x890.png,
休閒椅057.webp,休閒椅,舌頭椅,78*96*64,02_產品圖_休閒椅,35,第1排第1個,p35_1_x260_1266x844.png,
休閒椅058.webp,休閒椅,8162,79*80*105,02_產品圖_休閒椅,35,第1排第2個,p35_1_x260_1266x844.png,
休閒椅059.webp,休閒椅,653-1#搖,63*85*70,02_產品圖_休閒椅,35,第1排第3個,p35_1_x260_1266x844.png,
休閒椅060.webp,休閒椅,653#,60*68*76,02_產品圖_休閒椅,35,第1排第4個,p35_1_x260_1266x844.png,
休閒椅061.webp,休閒椅,801,,02_產品圖_休閒椅,35,第2排第1個,p35_1_x260_1266x844.png,原目錄未標尺寸
休閒椅062.webp,休閒椅,8159單椅,75*110*86.5,02_產品圖_休閒椅,35,第2排第2個,p35_1_x260_1266x844.png,
休閒椅063.webp,休閒椅,8159腳踏,60*63*40,02_產品圖_休閒椅,35,第2排第3個,p35_1_x260_1266x844.png,
休閒椅064.webp,休閒椅,8226,86*96*91,02_產品圖_休閒椅,35,第2排第4個,p35_1_x260_1266x844.png,
休閒椅065.webp,休閒椅,8192,,02_產品圖_休閒椅,36,第1排第1個,p36_1_x266_1262x888.png,原目錄未標尺寸
休閒椅066.webp,休閒椅,Baxter616#,78*65*75,02_產品圖_休閒椅,36,第1排第2個,p36_1_x266_1262x888.png,
休閒椅067.webp,休閒椅,624#,73*86*72,02_產品圖_休閒椅,36,第1排第3個,p36_1_x266_1262x888.png,
休閒椅068.webp,休閒椅,8053#,68*62*69,02_產品圖_休閒椅,36,第1排第4個,p36_1_x266_1262x888.png,
休閒椅069.webp,休閒椅,AC-673,68*65*68,02_產品圖_休閒椅,36,第2排第1個,p36_1_x266_1262x888.png,
休閒椅070.webp,休閒椅,AC-673腳踏,57*50*41,02_產品圖_休閒椅,36,第2排第2個,p36_1_x266_1262x888.png,
休閒椅071.webp,休閒椅,859無扶手轉腳,69*73*78,02_產品圖_休閒椅,36,第2排第3個,p36_1_x266_1262x888.png,
休閒椅072.webp,休閒椅,AC-516,70**80*70,02_產品圖_休閒椅,36,第2排第4個,p36_1_x266_1262x888.png,
休閒椅073.webp,休閒椅,馬塞德休閒躺椅,大號204*75*72,02_產品圖_休閒椅,37,第1排第1個,p37_1_x272_1290x890.png,
休閒椅074.webp,休閒椅,蝴蝶椅,73*74*80,02_產品圖_休閒椅,37,第1排第2個,p37_1_x272_1290x890.png,
休閒椅075.webp,休閒椅,8160,120*83*60,02_產品圖_休閒椅,37,第1排第3個,p37_1_x272_1290x890.png,
休閒椅076.webp,休閒椅,AC-362,71*86*76,02_產品圖_休閒椅,37,第1排第4個,p37_1_x272_1290x890.png,
休閒椅077.webp,休閒椅,645#,71*91*81,02_產品圖_休閒椅,37,第2排第1個,p37_1_x272_1290x890.png,
休閒椅078.webp,休閒椅,8519,,02_產品圖_休閒椅,37,第2排第2個,p37_1_x272_1290x890.png,原目錄未標尺寸
休閒椅079.webp,休閒椅,8520,,02_產品圖_休閒椅,37,第2排第3個,p37_1_x272_1290x890.png,原目錄未標尺寸
休閒椅080.webp,休閒椅,8170,107*103*80,02_產品圖_休閒椅,37,第2排第4個,p37_1_x272_1290x890.png,
封面圖01.webp,封面圖,,,07_其他,1,,p01_1_x6_2370x1282.png,目錄封面，戶外長桌情境
工廠實拍01.webp,工廠實拍,,,06_工廠與工藝,2,,p02_1_x23_2000x1359.jpeg,工廠車間、椅架半成品、生產線
工廠實拍02.webp,工廠實拍,,,06_工廠與工藝,3,,p03_1_x32_855x1140.jpeg,工廠車間、椅架半成品、生產線
工廠實拍03.webp,工廠實拍,,,06_工廠與工藝,3,,p03_2_x33_848x1131.jpeg,工廠車間、椅架半成品、生產線
工廠實拍04.webp,工廠實拍,,,06_工廠與工藝,3,,p03_3_x34_851x1134.jpeg,工廠車間、椅架半成品、生產線
工廠實拍05.webp,工廠實拍,,,06_工廠與工藝,3,,p03_4_x35_846x1128.jpeg,工廠車間、椅架半成品、生產線
工廠實拍06.webp,工廠實拍,,,06_工廠與工藝,3,,p03_5_x36_846x1128.jpeg,工廠車間、椅架半成品、生產線
工廠實拍07.webp,工廠實拍,,,06_工廠與工藝,3,,p03_6_x37_851x1134.jpeg,工廠車間、椅架半成品、生產線
工廠實拍08.webp,工廠實拍,,,06_工廠與工藝,3,,p03_7_x38_851x1134.jpeg,工廠車間、椅架半成品、生產線
工廠實拍09.webp,工廠實拍,,,06_工廠與工藝,3,,p03_8_x39_851x1134.jpeg,工廠車間、椅架半成品、生產線
工廠實拍10.webp,工廠實拍,,,06_工廠與工藝,4,,p04_1_x49_1169x658.jpeg,工廠車間、椅架半成品、生產線
工廠實拍11.webp,工廠實拍,,,06_工廠與工藝,6,,p06_1_x60_799x1065.jpeg,工廠車間、椅架半成品、生產線
工廠實拍12.webp,工廠實拍,,,06_工廠與工藝,6,,p06_2_x61_813x1084.jpeg,工廠車間、椅架半成品、生產線
工廠實拍13.webp,工廠實拍,,,06_工廠與工藝,6,,p06_3_x62_813x1084.jpeg,工廠車間、椅架半成品、生產線
工廠實拍14.webp,工廠實拍,,,06_工廠與工藝,6,,p06_4_x63_813x1084.jpeg,工廠車間、椅架半成品、生產線
工廠實拍15.webp,工廠實拍,,,06_工廠與工藝,7,,p07_1_x68_813x1084.jpeg,工廠車間、椅架半成品、生產線
工廠實拍16.webp,工廠實拍,,,06_工廠與工藝,7,,p07_2_x69_813x1084.jpeg,工廠車間、椅架半成品、生產線
工廠實拍17.webp,工廠實拍,,,06_工廠與工藝,7,,p07_3_x70_813x1084.jpeg,工廠車間、椅架半成品、生產線
工廠實拍18.webp,工廠實拍,,,06_工廠與工藝,7,,p07_4_x71_813x1084.jpeg,工廠車間、椅架半成品、生產線
工廠實拍19.webp,工廠實拍,,,06_工廠與工藝,8,,p08_1_x76_1152x1536.jpeg,工廠車間、椅架半成品、生產線
工廠實拍20.webp,工廠實拍,,,06_工廠與工藝,8,,p08_2_x77_798x1064.jpeg,工廠車間、椅架半成品、生產線
工廠實拍21.webp,工廠實拍,,,06_工廠與工藝,8,,p08_3_x78_793x1056.jpeg,工廠車間、椅架半成品、生產線
工藝細節01.webp,工藝細節,,,06_工廠與工藝,9,,p09_1_x84_874x1164.jpeg,榫卯、打磨、塗裝等工序特寫
工藝細節02.webp,工藝細節,,,06_工廠與工藝,9,,p09_2_x85_872x1163.jpeg,榫卯、打磨、塗裝等工序特寫
工藝細節03.webp,工藝細節,,,06_工廠與工藝,9,,p09_3_x86_873x1163.jpeg,榫卯、打磨、塗裝等工序特寫
工藝細節04.webp,工藝細節,,,06_工廠與工藝,10,,p10_1_x91_1147x1529.jpeg,榫卯、打磨、塗裝等工序特寫
工藝細節05.webp,工藝細節,,,06_工廠與工藝,10,,p10_2_x92_800x1067.jpeg,榫卯、打磨、塗裝等工序特寫
工藝細節06.webp,工藝細節,,,06_工廠與工藝,10,,p10_3_x93_794x1059.jpeg,榫卯、打磨、塗裝等工序特寫
材質板01.webp,材質板,,,06_工廠與工藝,5,,p05_1_x53_1170x1560.jpeg,木皮／石材／飾面樣板牆
材質板02.webp,材質板,,,06_工廠與工藝,5,,p05_2_x54_1170x1560.jpeg,木皮／石材／飾面樣板牆
材質板03.webp,材質板,,,06_工廠與工藝,5,,p05_3_x55_1149x1532.jpeg,木皮／石材／飾面樣板牆
木紋裝飾圖01.webp,木紋裝飾圖,,,07_其他,12,,p12_2_x104_1144x1610.png,頁面裝飾用木紋底圖，非產品
木紋裝飾圖02.webp,木紋裝飾圖,,,07_其他,13,,p13_2_x114_1290x1544.png,頁面裝飾用木紋底圖，非產品
餐桌實拍圖01.webp,餐桌實拍圖,,,03_實拍圖,11,,p11_1_x98_1228x820.png,餐廳長桌情境
餐桌椅實拍圖01.webp,餐桌椅實拍圖,,,03_實拍圖,26,,p26_1_x192_646x646.jpeg,餐椅情境照
餐桌椅實拍圖02.webp,餐桌椅實拍圖,,,03_實拍圖,26,,p26_2_x193_646x646.jpeg,餐椅情境照
餐桌椅實拍圖03.webp,餐桌椅實拍圖,,,03_實拍圖,26,,p26_3_x194_646x646.jpeg,餐椅情境照
餐桌椅實拍圖04.webp,餐桌椅實拍圖,,,03_實拍圖,26,,p26_4_x195_646x646.jpeg,餐椅情境照
餐桌椅實拍圖05.webp,餐桌椅實拍圖,,,03_實拍圖,26,,p26_5_x196_646x646.jpeg,餐椅情境照
餐桌椅實拍圖06.webp,餐桌椅實拍圖,,,03_實拍圖,26,,p26_6_x197_646x646.jpeg,餐椅情境照
餐桌椅實拍圖07.webp,餐桌椅實拍圖,,,03_實拍圖,26,,p26_7_x198_646x646.jpeg,餐椅情境照
餐桌椅實拍圖08.webp,餐桌椅實拍圖,,,03_實拍圖,26,,p26_8_x199_646x646.jpeg,餐椅情境照
餐桌椅實拍圖09.webp,餐桌椅實拍圖,,,03_實拍圖,26,,p26_9_x200_646x646.jpeg,餐椅情境照
休閒椅實拍圖01.webp,休閒椅實拍圖,,,03_實拍圖,27,,p27_1_x211_712x1032.png,休閒椅／單椅情境照
休閒椅實拍圖02.webp,休閒椅實拍圖,,,03_實拍圖,27,,p27_2_x212_644x1266.png,休閒椅／單椅情境照
休閒椅實拍圖03.webp,休閒椅實拍圖,,,03_實拍圖,28,,p28_2_x218_866x1508.png,休閒椅／單椅情境照
休閒椅實拍圖04.webp,休閒椅實拍圖,,,03_實拍圖,29,,p29_2_x224_810x1358.png,休閒椅／單椅情境照
休閒椅實拍圖05.webp,休閒椅實拍圖,,,03_實拍圖,30,,p30_2_x230_936x1318.png,休閒椅／單椅情境照
休閒椅實拍圖06.webp,休閒椅實拍圖,,,03_實拍圖,31,,p31_2_x236_1126x1584.png,休閒椅／單椅情境照
休閒椅實拍圖07.webp,休閒椅實拍圖,,,03_實拍圖,32,,p32_2_x242_1106x1536.png,休閒椅／單椅情境照
休閒椅實拍圖08.webp,休閒椅實拍圖,,,03_實拍圖,33,,p33_2_x249_940x1442.png,休閒椅／單椅情境照
休閒椅實拍圖09.webp,休閒椅實拍圖,,,03_實拍圖,34,,p34_1_x254_1216x1826.png,休閒椅／單椅情境照
休閒椅實拍圖10.webp,休閒椅實拍圖,,,03_實拍圖,35,,p35_2_x261_1136x1660.png,休閒椅／單椅情境照
休閒椅實拍圖11.webp,休閒椅實拍圖,,,03_實拍圖,36,,p36_2_x267_728x1128.png,休閒椅／單椅情境照
休閒椅實拍圖12.webp,休閒椅實拍圖,,,03_實拍圖,37,,p37_2_x273_598x904.png,休閒椅／單椅情境照
五斗櫃實拍圖01.webp,五斗櫃實拍圖,,,03_實拍圖,38,,p38_1_x278_1170x1543.jpeg,五斗櫃情境照
五斗櫃實拍圖02.webp,五斗櫃實拍圖,,,03_實拍圖,38,,p38_2_x279_813x1073.jpeg,五斗櫃情境照
五斗櫃實拍圖03.webp,五斗櫃實拍圖,,,03_實拍圖,38,,p38_3_x280_813x1065.jpeg,五斗櫃情境照
五斗櫃實拍圖04.webp,五斗櫃實拍圖,,,03_實拍圖,39,,p39_1_x285_1580x1580.png,五斗櫃情境照
五斗櫃實拍圖05.webp,五斗櫃實拍圖,,,03_實拍圖,40,,p40_1_x298_1170x1241.jpeg,五斗櫃情境照
五斗櫃細節圖01.webp,五斗櫃細節圖,,,04_五斗櫃細節與尺寸,39,,p39_3_x287_480x452.png,抽屜、把手特寫
五斗櫃細節圖02.webp,五斗櫃細節圖,,,04_五斗櫃細節與尺寸,39,,p39_4_x288_432x438.png,抽屜、把手特寫
五斗櫃細節圖03.webp,五斗櫃細節圖,,,04_五斗櫃細節與尺寸,39,,p39_5_x289_451x430.png,抽屜、把手特寫
五斗櫃細節圖04.webp,五斗櫃細節圖,,,04_五斗櫃細節與尺寸,39,,p39_6_x290_430x430.png,抽屜、把手特寫
五斗櫃尺寸圖01.webp,五斗櫃尺寸圖,,,04_五斗櫃細節與尺寸,39,,p39_2_x286_958x928.png,尺寸標示圖
五斗櫃尺寸圖02.webp,五斗櫃尺寸圖,,,04_五斗櫃細節與尺寸,40,,p40_3_x300_1289x821.jpeg,尺寸標示圖
五斗櫃說明圖01.webp,五斗櫃說明圖,,,04_五斗櫃細節與尺寸,40,,p40_2_x299_1093x2365.png,賣點說明圖（含文字）
空間案例01.webp,空間案例,,,05_空間案例,41,,p41_1_x306_3840x2560.jpeg,PRACTICAL PROJECTS 空間案例
空間案例02.webp,空間案例,,,05_空間案例,42,,p42_1_x311_3840x2159.jpeg,PRACTICAL PROJECTS 空間案例
空間案例03.webp,空間案例,,,05_空間案例,43,,p43_1_x319_3840x2161.jpeg,PRACTICAL PROJECTS 空間案例
空間案例04.webp,空間案例,,,05_空間案例,44,,p44_1_x324_3840x2162.jpeg,PRACTICAL PROJECTS 空間案例
空間案例05.webp,空間案例,,,05_空間案例,45,,p45_1_x329_3840x2161.jpeg,PRACTICAL PROJECTS 空間案例
空間案例06.webp,空間案例,,,05_空間案例,46,,p46_1_x334_2001x2088.jpeg,PRACTICAL PROJECTS 空間案例
空間案例07.webp,空間案例,,,05_空間案例,46,,p46_2_x335_2001x2088.jpeg,PRACTICAL PROJECTS 空間案例
空間案例08.webp,空間案例,,,05_空間案例,47,,p47_1_x340_3840x2162.jpeg,PRACTICAL PROJECTS 空間案例
空間案例09.webp,空間案例,,,05_空間案例,48,,p48_1_x345_1940x2250.jpeg,PRACTICAL PROJECTS 空間案例
空間案例10.webp,空間案例,,,05_空間案例,48,,p48_2_x346_2000x2600.jpeg,PRACTICAL PROJECTS 空間案例
空間案例11.webp,空間案例,,,05_空間案例,49,,p49_1_x352_3840x2162.jpeg,PRACTICAL PROJECTS 空間案例
空間案例12.webp,空間案例,,,05_空間案例,50,,p50_1_x357_2880x1328.jpeg,PRACTICAL PROJECTS 空間案例
空間案例13.webp,空間案例,,,05_空間案例,51,,p51_1_x362_2794x1200.jpeg,PRACTICAL PROJECTS 空間案例
空間案例14.webp,空間案例,,,05_空間案例,52,,p52_1_x367_2348x1200.jpeg,PRACTICAL PROJECTS 空間案例
空間案例15.webp,空間案例,,,05_空間案例,53,,p53_1_x372_762x1174.jpeg,PRACTICAL PROJECTS 空間案例
空間案例16.webp,空間案例,,,05_空間案例,53,,p53_2_x373_1428x1290.jpeg,PRACTICAL PROJECTS 空間案例
空間案例17.webp,空間案例,,,05_空間案例,54,,p54_1_x378_2348x1200.jpeg,PRACTICAL PROJECTS 空間案例
空間案例線稿01.webp,空間案例線稿,,,05_空間案例,42,,p42_2_x312_1776x704.jpeg,建築軸測線稿
